Modelo,RMSE,MAE,R2,Skill Score (%)
EDLSTM_PAZTUVD,4.688942715210332,2.25161912377581,0.9430649611861868,54.806076854772456
