Modelo,RMSE,MAE,R2,Skill Score (%)
GRU_Bi_Attention,7.325826588369691,5.360281561294609,0.7763746828942478,30.995945959431815
LSTM_Bi_Attention,7.650625923966565,5.603402087540306,0.7561057078918589,27.93656820382826
LSTM_Bi_Attention_PAZ,7.2889232237743915,5.326397456655697,0.7786220035845238,31.343549295942076
