Modelo,RMSE,MAE,R2,Skill Score (%)
EDLSTM_PAZTUVD,7.406646303017604,4.922188259708672,0.8941809295248515,55.70946209984693
